{"rooms": {"3-BA-1": {"outline": [[[-1, 1.1200000000000045, 0], [3.6799999999999997, -1.6999999999999957, 0]], [[3.6799999999999997, -1.6999999999999957, 0], [2.280000000000001, -4.100000000000001, 0]], [[2.280000000000001, -4.100000000000001, 0], [-2.3999999999999986, -1.240000000000002, 0]], [[-2.3999999999999986, -1.240000000000002, 0], [-1.019999999999996, 1.1200000000000045, 0]]]}, "3-ST-1": {"outline": [[[-2.6400000000000006, -1.4200000000000017, 0], [-0.1599999999999966, -2.9399999999999977, 0]], [[-0.1599999999999966, -2.9399999999999977, 0], [-1.4799999999999969, -5.019999999999996, 0]], [[-1.4799999999999969, -5.019999999999996, 0], [-3.8599999999999994, -3.5600000000000023, 0]], [[-3.8599999999999994, -3.5600000000000023, 0], [-2.6000000000000014, -1.4200000000000017, 0]]]}, "3-1PO-1": {"outline": [[[-9.219999999999999, -5.920000000000002, 0], [-13.5, -3.219999999999999, 0]], [[-13.5, -3.219999999999999, 0], [-11.079999999999998, 0.5600000000000023, 0]], [[-11.079999999999998, 0.5600000000000023, 0], [-6.68, -2.019999999999996, 0]], [[-6.68, -2.019999999999996, 0], [-9.219999999999999, -5.920000000000002, 0]]]}, "3-2PO-1": {"outline": [[[-8.799999999999997, -11.339999999999996, 0], [-4.18, -14.380000000000003, 0]], [[-4.18, -14.380000000000003, 0], [-1.7800000000000011, -10.280000000000001, 0]], [[-1.7800000000000011, -10.280000000000001, 0], [-6.299999999999997, -7.460000000000001, 0]], [[-6.299999999999997, -7.460000000000001, 0], [-8.799999999999997, -11.339999999999996, 0]]]}, "3-CR-1": {"outline": [[[-4.780000000000001, 0.240000000000002, 0], [-14.079999999999998, -14.979999999999997, 0]], [[-14.079999999999998, -14.979999999999997, 0], [-11.86, -16.339999999999996, 0]], [[-11.86, -16.339999999999996, 0], [-2.740000000000002, -1.1199999999999974, 0]], [[-2.740000000000002, -1.1199999999999974, 0], [-4.799999999999997, 0.21999999999999886, 0]]]}, "3-DW-1": {"outline": [[[-8.282834428875184, -9.813153263119439, 0], [-8.963178046829555, -10.986159500971809, 0]], [[-8.963178046829555, -10.986159500971809, 0], [-8.371277507489424, -11.32946181378908, 0]], [[-8.371277507489424, -11.32946181378908, 0], [-7.690933889535053, -10.156455575936725, 0]], [[-7.690933889535053, -10.156455575936725, 0], [-8.282834428875184, -9.813153263119439, 0]]]}, "3-DW-2": {"outline": [[[-7.0153731626842415, -7.768456184301783, 0], [-7.636693777093335, -8.748521143691562, 0]], [[-7.636693777093335, -8.748521143691562, 0], [-7.012201610758517, -9.144423326259549, 0]], [[-7.012201610758517, -9.144423326259549, 0], [-6.3908809963494235, -8.164358366869763, 0]], [[-6.3908809963494235, -8.164358366869763, 0], [-7.0153731626842415, -7.768456184301783, 0]]]}, "3-DW-3": {"outline": [[[-3.802981630042055, -2.353250117343542, 0], [-4.3431888841504005, -3.2863353744397656, 0]], [[-4.3431888841504005, -3.2863353744397656, 0], [-3.678804996515936, -3.670978677807085, 0]], [[-3.678804996515936, -3.670978677807085, 0], [-3.1385977424075975, -2.7378934207108614, 0]], [[-3.1385977424075975, -2.7378934207108614, 0], [-3.802981630042055, -2.353250117343542, 0]]]}, "3-DW-4": {"outline": [[[-2.2013837432852768, -1.0371694926947157, 0], [-1.2535790561624722, -1.6143664853804296, 0]], [[-1.2535790561624722, -1.6143664853804296, 0], [-1.6842531402689858, -2.321568568397403, 0]], [[-1.6842531402689858, -2.321568568397403, 0], [-2.632057827391783, -1.7443715757116678, 0]], [[-2.632057827391783, -1.7443715757116678, 0], [-2.2013837432852768, -1.0371694926947157, 0]]]}, "3-DW-5": {"outline": [[[-0.48298163004205463, -1.0332501173435489, 0], [-1.023188884150393, -1.9663353744397796, 0]], [[-1.023188884150393, -1.9663353744397796, 0], [-0.48979803911175424, -2.275140600514767, 0]], [[-0.48979803911175424, -2.275140600514767, 0], [0.050409214996591345, -1.3420553434185436, 0]], [[0.050409214996591345, -1.3420553434185436, 0], [-0.48298163004205463, -1.0332501173435489, 0]]]}, "3-DW-6": {"outline": [[[-7.003493149916068, -3.9308563697745385, 0], [-6.113190207605747, -2.507913722505023, 0]], [[-6.113190207605747, -2.507913722505023, 0], [-7.007669291366767, -1.948258446422365, 0]], [[-7.007669291366767, -1.948258446422365, 0], [-7.897972233677081, -3.3712010936918517, 0]], [[-7.897972233677081, -3.3712010936918517, 0], [-7.003493149916068, -3.9308563697745385, 0]]]}, "3-DW-7": {"outline": [[[-11.48879397562834, -5.1598200098749984, 0], [-10.050530114141921, -6.0251535705595245, 0]], [[-10.050530114141921, -6.0251535705595245, 0], [-9.617949126770114, -5.306164235613558, 0]], [[-9.617949126770114, -5.306164235613558, 0], [-11.05621298825654, -4.440830674929018, 0]], [[-11.05621298825654, -4.440830674929018, 0], [-11.48879397562834, -5.1598200098749984, 0]]]}}}