{"rooms": {"1-PT-1": {"outline": [[[-0.759999999999998, 6.18, 0], [7.399999999999999, 5.520000000000003, 0]], [[7.399999999999999, 5.520000000000003, 0], [7.1200000000000045, 2.460000000000001, 0]], [[7.1200000000000045, 2.460000000000001, 0], [-1.0600000000000023, 3.1799999999999997, 0]], [[-1.0600000000000023, 3.1799999999999997, 0], [-0.759999999999998, 6.160000000000004, 0]]]}, "1-2PO-1": {"outline": [[[1.0600000000000023, -4.579999999999998, 0], [6.520000000000003, -5, 0]], [[6.520000000000003, -5, 0], [6.280000000000001, -8.019999999999996, 0]], [[6.280000000000001, -8.019999999999996, 0], [0.8400000000000034, -7.5, 0]], [[0.8400000000000034, -7.5, 0], [1.0600000000000023, -4.600000000000001, 0]]]}, "1-BA-1": {"outline": [[[0.6000000000000014, -10.880000000000003, 0], [6, -11.280000000000001, 0]], [[6, -11.280000000000001, 0], [5.800000000000004, -13.96, 0]], [[5.800000000000004, -13.96, 0], [0.3999999999999986, -13.519999999999996, 0]], [[0.3999999999999986, -13.519999999999996, 0], [0.6000000000000014, -10.920000000000002, 0]]]}, "1-ST-1": {"outline": [[[0.35999999999999943, -13.839999999999996, 0], [3.1600000000000037, -14.060000000000002, 0]], [[3.1600000000000037, -14.060000000000002, 0], [2.980000000000004, -16.5, 0]], [[2.980000000000004, -16.5, 0], [0.20000000000000284, -16.36, 0]], [[0.20000000000000284, -16.36, 0], [0.35999999999999943, -13.86, 0]]]}, "1-CR-1": {"outline": [[[-1.019999999999996, 3.1400000000000006, 0], [-3.1599999999999966, -20.54, 0]], [[-3.1599999999999966, -20.54, 0], [-0.10000000000000142, -20.96, 0]], [[-0.10000000000000142, -20.96, 0], [0, -16.159999999999997, 0]], [[0, -16.159999999999997, 0], [1.7000000000000028, 2.9399999999999977, 0]], [[1.7000000000000028, 2.9399999999999977, 0], [-1.019999999999996, 3.1400000000000006, 0]]]}, "1-DW-1": {"outline": [[[-0.24042652779174034, 3.408485964394316, 0], [0.9771063106534754, 3.291581023073398, 0]], [[0.9771063106534754, 3.291581023073398, 0], [0.9189176449733196, 2.6855620602274044, 0]], [[0.9189176449733196, 2.6855620602274044, 0], [-0.29861519347190324, 2.8024670015483224, 0]], [[-0.29861519347190324, 2.8024670015483224, 0], [-0.24042652779174034, 3.408485964394316, 0]]]}, "1-DW-2": {"outline": [[[0.606804950662891, -5.927569959042238, 0], [0.5311294876673216, -7.108407449133658, 0]], [[0.5311294876673216, -7.108407449133658, 0], [1.1308966255200303, -7.1468442841997515, 0]], [[1.1308966255200303, -7.1468442841997515, 0], [1.2065720885155997, -5.966006794108331, 0]], [[1.2065720885155997, -5.966006794108331, 0], [0.606804950662891, -5.927569959042238, 0]]]}, "1-DW-3": {"outline": [[[-0.2930681074585948, -15.187352411934306, 0], [-0.3660839349277296, -16.306928433127467, 0]], [[-0.3660839349277296, -16.306928433127467, 0], [0.4342109454485126, -16.359121577499835, 0]], [[0.4342109454485126, -16.359121577499835, 0], [0.5072267729176403, -15.239545556306673, 0]], [[0.5072267729176403, -15.239545556306673, 0], [-0.2930681074585948, -15.187352411934306, 0]]]}, "1-DW-4": {"outline": [[[0.4430500179074812, -14.030741406002655, 0], [1.5622981355466194, -14.128067329275638, 0]], [[1.5622981355466194, -14.128067329275638, 0], [1.6281366439838791, -13.37092448224692, 0]], [[1.6281366439838791, -13.37092448224692, 0], [0.5088885263447551, -13.273598558973937, 0]], [[0.5088885263447551, -13.273598558973937, 0], [0.4430500179074812, -14.030741406002655, 0]]]}, "1-DW-5": {"outline": [[[2.029054392096249, -12.503795711919999, 0], [1.9437509721780089, -13.521200910736404, 0]], [[1.9437509721780089, -13.521200910736404, 0], [2.5624871952533823, -13.573078290483473, 0]], [[2.5624871952533823, -13.573078290483473, 0], [2.6477906151716155, -12.555673091667067, 0]], [[2.6477906151716155, -12.555673091667067, 0], [2.029054392096249, -12.503795711919999, 0]]]}}}