{"rooms":{"5-1PO-1":{"outline":[[[-9.019999999999996,2.3999999999999986,0],[-9.04,0.03999999999999915,0]],[[-9.04,0.03999999999999915,0],[-4.039999999999999,-0.03999999999999915,0]],[[-4.039999999999999,-0.03999999999999915,0],[-4.039999999999999,2.3999999999999986,0]],[[-4.039999999999999,2.3999999999999986,0],[-9.019999999999996,2.4200000000000017,0]]]},"5-1PO-2":{"outline":[[[-9,4.920000000000002,0],[-9.04,2.480000000000004,0]],[[-9.04,2.480000000000004,0],[-3.979999999999997,2.4399999999999977,0]],[[-3.979999999999997,2.4399999999999977,0],[-4.100000000000001,4.800000000000004,0]],[[-4.100000000000001,4.800000000000004,0],[-9.019999999999996,4.920000000000002,0]]]},"5-2PO-2":{"outline":[[[-8.880000000000003,8.939999999999998,0],[-8.880000000000003,4.960000000000001,0]],[[-8.880000000000003,4.960000000000001,0],[-4,4.960000000000001,0]],[[-4,4.960000000000001,0],[-4.039999999999999,8.899999999999999,0]],[[-4.039999999999999,8.899999999999999,0],[-8.880000000000003,8.880000000000003,0]]]},"5-MPO-1":{"outline":[[[-8.920000000000002,13.82,0],[-8.880000000000003,9,0]],[[-8.880000000000003,9,0],[-3.979999999999997,8.980000000000004,0]],[[-3.979999999999997,8.980000000000004,0],[-4.060000000000002,9.520000000000003,0]],[[-4.060000000000002,9.520000000000003,0],[-4.060000000000002,10.399999999999999,0]],[[-4.060000000000002,10.399999999999999,0],[-3.960000000000001,10.439999999999998,0]],[[-3.960000000000001,10.439999999999998,0],[-4,13.840000000000003,0]],[[-4,13.840000000000003,0],[-8.920000000000002,13.880000000000003,0]]]},"5-LMR-1":{"outline":[[[3.780000000000001,11.68,0],[3.8599999999999994,5.759999999999998,0]],[[3.8599999999999994,5.759999999999998,0],[-1.1000000000000014,5.759999999999998,0]],[[-1.1000000000000014,5.759999999999998,0],[-1.0799999999999983,6.6200000000000045,0]],[[-1.0799999999999983,6.6200000000000045,0],[-1,6.700000000000003,0]],[[-1,6.700000000000003,0],[-1.0799999999999983,7.719999999999999,0]],[[-1.0799999999999983,7.719999999999999,0],[-1.0399999999999991,9.64,0]],[[-1.0399999999999991,9.64,0],[-0.9600000000000009,9.68,0]],[[-0.9600000000000009,9.68,0],[-1.0399999999999991,10.800000000000004,0]],[[-1.0399999999999991,10.800000000000004,0],[-1.0600000000000023,11.68,0]],[[-1.0600000000000023,11.68,0],[3.8000000000000043,11.68,0]]]},"5-MR-1":{"outline":[[[3.8800000000000026,5.6200000000000045,0],[3.960000000000001,2.0600000000000023,0]],[[3.960000000000001,2.0600000000000023,0],[-1.1000000000000014,2.039999999999999,0]],[[-1.1000000000000014,2.039999999999999,0],[-1.0399999999999991,3.700000000000003,0]],[[-1.0399999999999991,3.700000000000003,0],[-1.0600000000000023,5.6200000000000045,0]],[[-1.0600000000000023,5.6200000000000045,0],[3.8800000000000026,5.640000000000001,0]]]},"5-AT-1":{"outline":[[[0.20000000000000284,-0.8799999999999955,0],[0.1600000000000037,-3.759999999999998,0]],[[0.1600000000000037,-3.759999999999998,0],[2.4399999999999977,-3.799999999999997,0]],[[2.4399999999999977,-3.799999999999997,0],[2.539999999999999,-0.8399999999999963,0]],[[2.539999999999999,-0.8399999999999963,0],[0.21999999999999886,-0.8799999999999955,0]]]},"5-BA-1":{"outline":[[[3.480000000000004,-3.8599999999999994,0],[3.480000000000004,-5.880000000000003,0]],[[3.480000000000004,-5.880000000000003,0],[1.3200000000000003,-5.799999999999997,0]],[[1.3200000000000003,-5.799999999999997,0],[1.2800000000000011,-3.799999999999997,0]],[[1.2800000000000011,-3.799999999999997,0],[3.4399999999999977,-3.8800000000000026,0]]]},"5-CR-1":{"outline":[[[-1.4799999999999969,14.379999999999995,0],[-3.6400000000000006,14.400000000000006,0]],[[-3.6400000000000006,14.400000000000006,0],[-3.5600000000000023,10.380000000000003,0]],[[-3.5600000000000023,10.380000000000003,0],[-3.4200000000000017,10.340000000000003,0]],[[-3.4200000000000017,10.340000000000003,0],[-3.4399999999999977,9.439999999999998,0]],[[-3.4399999999999977,9.439999999999998,0],[-3.5,9.420000000000002,0]],[[-3.5,9.420000000000002,0],[-3.479999999999997,7.380000000000003,0]],[[-3.479999999999997,7.380000000000003,0],[-3.4399999999999977,7.359999999999999,0]],[[-3.4399999999999977,7.359999999999999,0],[-3.4200000000000017,6.460000000000001,0]],[[-3.4200000000000017,6.460000000000001,0],[-3.519999999999996,6.420000000000002,0]],[[-3.519999999999996,6.420000000000002,0],[-3.5600000000000023,4.420000000000002,0]],[[-3.5600000000000023,4.420000000000002,0],[-3.460000000000001,4.399999999999999,0]],[[-3.460000000000001,4.399999999999999,0],[-3.4399999999999977,3.3800000000000026,0]],[[-3.4399999999999977,3.3800000000000026,0],[-3.539999999999999,3.3599999999999994,0]],[[-3.539999999999999,3.3599999999999994,0],[-3.5600000000000023,1.4399999999999977,0]],[[-3.5600000000000023,1.4399999999999977,0],[-3.4399999999999977,1.3000000000000043,0]],[[-3.4399999999999977,1.3000000000000043,0],[-3.4399999999999977,0.4399999999999977,0]],[[-3.4399999999999977,0.4399999999999977,0],[-3.6000000000000014,0.3999999999999986,0]],[[-3.6000000000000014,0.3999999999999986,0],[-3.6199999999999974,-1.4600000000000009,0]],[[-3.6199999999999974,-1.4600000000000009,0],[-1.5799999999999983,-1.4200000000000017,0]],[[-1.5799999999999983,-1.4200000000000017,0],[-1.6400000000000006,4.700000000000003,0]],[[-1.6400000000000006,4.700000000000003,0],[-1.519999999999996,4.740000000000002,0]],[[-1.519999999999996,4.740000000000002,0],[-1.5600000000000023,6.660000000000004,0]],[[-1.5600000000000023,6.660000000000004,0],[-1.6199999999999974,6.719999999999999,0]],[[-1.6199999999999974,6.719999999999999,0],[-1.6599999999999966,7.579999999999998,0]],[[-1.6599999999999966,7.579999999999998,0],[-1.5600000000000023,7.6200000000000045,0]],[[-1.5600000000000023,7.6200000000000045,0],[-1.6199999999999974,9.660000000000004,0]],[[-1.6199999999999974,9.660000000000004,0],[-1.5,14.379999999999995,0]]]},"0-EV-1":{"outline":[[[0.7000000000000028,0.6600000000000037,0],[-1.6000000000000014,0.7000000000000028,0]],[[-1.6000000000000014,0.7000000000000028,0],[-1.5399999999999991,-0.4799999999999969,0]],[[-1.5399999999999991,-0.4799999999999969,0],[0.740000000000002,-0.519999999999996,0]],[[0.740000000000002,-0.519999999999996,0],[0.7000000000000028,0.6600000000000037,0]]]},"5-DW-1":{"outline":[[[-4.219321869859748,1.5013449169697637,0],[-4.227141157364137,0.3405382803908026,0]],[[-4.227141157364137,0.3405382803908026,0],[-3.2867922477435982,0.33420401398754507,0]],[[-3.2867922477435982,0.33420401398754507,0],[-3.2789729602392086,1.4950106505665133,0]],[[-3.2789729602392086,1.4950106505665133,0],[-4.219321869859748,1.5013449169697637,0]]]},"5-DW-2":{"outline":[[[-4.237728961837803,4.504418665240195,0],[-4.262172309294819,3.404468029673872,0]],[[-4.262172309294819,3.404468029673872,0],[-3.3220341700731453,3.3835760710244855,0]],[[-3.3220341700731453,3.3835760710244855,0],[-3.2975908226161224,4.483526706590823,0]],[[-3.2975908226161224,4.483526706590823,0],[-4.237728961837803,4.504418665240195,0]]]},"5-DW-3":{"outline":[[[-4.219470219007597,7.481052618615536,0],[-4.225163055951242,6.40084037606217,0]],[[-4.225163055951242,6.40084037606217,0],[-3.3051758317506597,6.395991942530955,0]],[[-3.3051758317506597,6.395991942530955,0],[-3.299482994807015,7.476204185084342,0]],[[-3.299482994807015,7.476204185084342,0],[-4.219470219007597,7.481052618615536,0]]]},"5-DW-4":{"outline":[[[-4.1997039259122175,10.520589969555857,0],[-4.203187919454649,9.340391051600093,0]],[[-4.203187919454649,9.340391051600093,0],[-3.262821773428712,9.337615053816627,0]],[[-3.262821773428712,9.337615053816627,0],[-3.259337779886252,10.517813971772398,0]],[[-3.259337779886252,10.517813971772398,0],[-4.1997039259122175,10.520589969555857,0]]]},