{"rooms": {"2-TR-1": {"outline": [[[1.4399999999999977, 17.439999999999998, 0], [0.980000000000004, 3.280000000000001, 0]], [[0.980000000000004, 3.280000000000001, 0], [14.620000000000005, 2.8800000000000026, 0]], [[14.620000000000005, 2.8800000000000026, 0], [14.680000000000007, 7.560000000000002, 0]], [[14.680000000000007, 7.560000000000002, 0], [5.460000000000001, 17.36, 0]], [[5.460000000000001, 17.36, 0], [1.4399999999999977, 17.439999999999998, 0]]]}, "2-CR-1": {"outline": [[[-2.0799999999999983, 3.3400000000000034, 0], [7.460000000000001, 2.9200000000000017, 0]], [[7.460000000000001, 2.9200000000000017, 0], [7.200000000000003, -4.199999999999996, 0]], [[7.200000000000003, -4.199999999999996, 0], [5.340000000000003, -4.140000000000001, 0]], [[5.340000000000003, -4.140000000000001, 0], [5.460000000000001, -1.8399999999999963, 0]], [[5.460000000000001, -1.8399999999999963, 0], [0, -1.6400000000000006, 0]], [[0, -1.6400000000000006, 0], [-0.6599999999999966, -17.92, 0]], [[-0.6599999999999966, -17.92, 0], [-2.6400000000000006, -17.82, 0]], [[-2.6400000000000006, -17.82, 0], [-1.7999999999999972, 1.1400000000000006, 0]], [[-1.7999999999999972, 1.1400000000000006, 0], [-2.1400000000000006, 1.1400000000000006, 0]], [[-2.1400000000000006, 1.1400000000000006, 0], [-2.019999999999996, 3.3800000000000026, 0]]]}, "2-BA-1": {"outline": [[[0.10000000000000142, -1.8200000000000003, 0], [2.8200000000000003, -1.9600000000000009, 0]], [[2.8200000000000003, -1.9600000000000009, 0], [2.780000000000001, -3.9399999999999977, 0]], [[2.780000000000001, -3.9399999999999977, 0], [0.060000000000002274, -3.759999999999998, 0]], [[0.060000000000002274, -3.759999999999998, 0], [0.12000000000000455, -1.8200000000000003, 0]]]}, "2-PT-1": {"outline": [[[0.10000000000000142, -6.140000000000001, 0], [4.539999999999999, -6.199999999999996, 0]], [[4.539999999999999, -6.199999999999996, 0], [4.5, -8.600000000000001, 0]], [[4.5, -8.600000000000001, 0], [0, -8.479999999999997, 0]], [[0, -8.479999999999997, 0], [0.10000000000000142, -6.140000000000001, 0]]]}, "2-CF-1": {"outline": [[[0.5, -8.780000000000001, 0], [4.68, -8.96, 0]], [[4.68, -8.96, 0], [5.82, -10.159999999999997, 0]], [[5.82, -10.159999999999997, 0], [5.539999999999999, -17.259999999999998, 0]], [[5.539999999999999, -17.259999999999998, 0], [0.17999999999999972, -16.979999999999997, 0]], [[0.17999999999999972, -16.979999999999997, 0], [0.5600000000000023, -8.780000000000001, 0]]]}, "2-RL-1": {"outline": [[[-6.82, 1, 0], [-1.8799999999999955, 0.8599999999999994, 0]], [[-1.8799999999999955, 0.8599999999999994, 0], [-2.1199999999999974, -3.740000000000002, 0]], [[-2.1199999999999974, -3.740000000000002, 0], [-7.019999999999996, -3.539999999999999, 0]], [[-7.019999999999996, -3.539999999999999, 0], [-6.82, 1, 0]]]}, "2-1PO-1": {"outline": [[[-7.240000000000002, -3.6999999999999957, 0], [-2.1400000000000006, -3.8200000000000003, 0]], [[-2.1400000000000006, -3.8200000000000003, 0], [-2.240000000000002, -7.339999999999996, 0]], [[-2.240000000000002, -7.339999999999996, 0], [-7.280000000000001, -7.140000000000001, 0]], [[-7.280000000000001, -7.140000000000001, 0], [-7.159999999999997, -3.6999999999999957, 0]]]}, "2-2PO-1": {"outline": [[[-7.299999999999997, -7.18, 0], [-2.259999999999998, -7.399999999999999, 0]], [[-2.259999999999998, -7.399999999999999, 0], [-2.3999999999999986, -10.839999999999996, 0]], [[-2.3999999999999986, -10.839999999999996, 0], [-7.479999999999997, -10.699999999999996, 0]], [[-7.479999999999997, -10.699999999999996, 0], [-7.299999999999997, -7.140000000000001, 0]]]}, "2-DW-1": {"outline": [[[-1.9253121507240394, -9.770053091698607, 0], [-1.8626040218038327, -8.531447179177057, 0]], [[-1.8626040218038327, -8.531447179177057, 0], [-2.582306634420071, -8.495010081824383, 0]], [[-2.582306634420071, -8.495010081824383, 0], [-2.645014763340278, -9.733615994345975, 0]], [[-2.645014763340278, -9.733615994345975, 0], [-1.9253121507240394, -9.770053091698607, 0]]]}, "2-DW-2": {"outline": [[[-2.671218496629244, -3.4447056594438408, 0], [-3.771021257922449, -3.3958255367196912, 0]], [[-3.771021257922449, -3.3958255367196912, 0], [-3.800359766855074, -4.05594198770396, 0]], [[-3.800359766855074, -4.05594198770396, 0], [-2.7005570055618406, -4.104822110428124, 0]], [[-2.7005570055618406, -4.104822110428124, 0], [-2.671218496629244, -3.4447056594438408, 0]]]}, "2-DW-3": {"outline": [[[-1.6241779800054417, -1.3480208326456662, 0], [-1.5807897312399675, -0.2686653039973237, 0]], [[-1.5807897312399675, -0.2686653039973237, 0], [-2.201195895923064, -0.24372603580027885, 0]], [[-2.201195895923064, -0.24372603580027885, 0], [-2.244584144688524, -1.3230815644486142, 0]], [[-2.244584144688524, -1.3230815644486142, 0], [-1.6241779800054417, -1.3480208326456662, 0]]]}, "2-DW-4": {"outline": [[[1.732086296458057, 2.9440882527155168, 0], [2.931926488202407, 2.89609464504575, 0]], [[2.931926488202407, 2.89609464504575, 0], [2.9551522231512664, 3.476738018766902, 0]], [[2.9551522231512664, 3.476738018766902, 0], [1.755312031406902, 3.524731626436676, 0]], [[1.755312031406902, 3.524731626436676, 0], [1.732086296458057, 2.9440882527155168, 0]]]}, "2-DW-5": {"outline": [[[-0.2969736457326775, -2.7542317736081827, 0], [-0.3228534560530534, -3.6341453245010484, 0]], [[-0.3228534560530534, -3.6341453245010484, 0], [0.277884277877682, -3.6518140813813886, 0]], [[0.277884277877682, -3.6518140813813886, 0], [0.3037640881980579, -2.7719005304885087, 0]], [[0.3037640881980579, -2.7719005304885087, 0], [-0.2969736457326775, -2.7542317736081827, 0]]]}, "2-DW-6": {"outline": [[[-0.45570035633780037, -7.211895486022897, 0], [-0.506147911991377, -8.432616714195326, 0]], [[-0.506147911991377, -8.432616714195326, 0], [0.1133233346830167, -8.458216998249675, 0]], [[0.1133233346830167, -8.458216998249675, 0], [0.1637708903365933, -7.237495770077238, 0]], [[0.1637708903365933, -7.237495770077238, 0], [-0.45570035633780037, -7.211895486022897, 0]]]}, "2-DW-7": {"outline": [[[-0.7342125555541728, -13.489246505640693, 0], [-0.8451850163199666, -15.508945291577774, 0]], [[-0.8451850163199666, -15.508945291577774, 0], [0.49300927093769076, -15.582472450218312, 0]], [[0.49300927093769076, -15.582472450218312, 0], [0.6039817317034704, -13.56277366428123, 0]], [[0.6039817317034704, -13.56277366428123, 0], [-0.7342125555541728, -13.489246505640693, 0]]]}}}