{"rooms": {"6-RL-1": {"outline": [[[-8.86, -4.320117187500003, 0], [-8.68, -10.020117187499999, 0]], [[-8.68, -10.020117187499999, 0], [-3.759999999999998, -9.740117187500005, 0]], [[-3.759999999999998, -9.740117187500005, 0], [-3.960000000000008, -5.780117187500004, 0]], [[-3.960000000000008, -5.780117187500004, 0], [-4.059999999999995, -4.720117187500001, 0]], [[-4.059999999999995, -4.720117187500001, 0], [-3.9200000000000017, -4.760117187500001, 0]], [[-3.9200000000000017, -4.760117187500001, 0], [-4.039999999999999, -4.220117187500001, 0]], [[-4.039999999999999, -4.220117187500001, 0], [-8.82, -4.3001171875, 0]]]}, "6-MPO-1": {"outline": [[[-8.86, -0.5401171875000017, 0], [-8.739999999999995, -3.7601171875000006, 0]], [[-8.739999999999995, -3.7601171875000006, 0], [-3.960000000000008, -3.7001171875000054, 0]], [[-3.960000000000008, -3.7001171875000054, 0], [-4.059999999999995, -0.360117187500002, 0]], [[-4.059999999999995, -0.360117187500002, 0], [-8.86, -0.4401171875000003, 0]]]}, "6-1PO-1": {"outline": [[[-9.04, 2.159882812500001, 0], [-9, -0.32011718750000284, 0]], [[-9, -0.32011718750000284, 0], [-4.079999999999998, -0.16011718749999915, 0]], [[-4.079999999999998, -0.16011718749999915, 0], [-4.199999999999996, 0.3198828124999977, 0]], [[-4.199999999999996, 0.3198828124999977, 0], [-4.140000000000008, 2.3198828124999977, 0]], [[-4.140000000000008, 2.3198828124999977, 0], [-9.079999999999998, 2.179882812499997, 0]]]}, "6-2PO-1": {"outline": [[[-9.159999999999997, 8.819882812499998, 0], [-9.04, 4.659882812500008, 0]], [[-9.04, 4.659882812500008, 0], [-4.119999999999997, 4.739882812499999, 0]], [[-4.119999999999997, 4.739882812499999, 0], [-4.259999999999998, 6.339882812500008, 0]], [[-4.259999999999998, 6.339882812500008, 0], [-4.320000000000007, 7.239882812499999, 0]], [[-4.320000000000007, 7.239882812499999, 0], [-4.199999999999996, 7.359882812499997, 0]], [[-4.199999999999996, 7.359882812499997, 0], [-4.239999999999995, 8.779882812499999, 0]], [[-4.239999999999995, 8.779882812499999, 0], [-9.100000000000001, 8.859882812499997, 0]]]}, "6-1PO-2": {"outline": [[[-9.46, 13.699882812500007, 0], [-9.399999999999999, 11.139882812499998, 0]], [[-9.399999999999999, 11.139882812499998, 0], [-4.3799999999999955, 11.299882812500009, 0]], [[-4.3799999999999955, 11.299882812500009, 0], [-4.479999999999997, 13.859882812499997, 0]], [[-4.479999999999997, 13.859882812499997, 0], [-9.439999999999998, 13.639882812499998, 0]]]}, "6-2PO-2": {"outline": [[[-9.439999999999998, 17.639882812499998, 0], [-9.420000000000002, 13.899882812499996, 0]], [[-9.420000000000002, 13.899882812499996, 0], [-4.559999999999995, 14.039882812499997, 0]], [[-4.559999999999995, 14.039882812499997, 0], [-4.619999999999997, 17.7798828125, 0]], [[-4.619999999999997, 17.7798828125, 0], [-9.439999999999998, 17.639882812499998, 0]]]}, "6-2PO-3": {"outline": [[[3.3599999999999923, 17.759882812499995, 0], [3.460000000000001, 14.299882812500009, 0]], [[3.460000000000001, 14.299882812500009, 0], [-1.4399999999999977, 14.2398828125, 0]], [[-1.4399999999999977, 14.2398828125, 0], [-1.5799999999999983, 17.639882812499998, 0]], [[-1.5799999999999983, 17.639882812499998, 0], [3.319999999999993, 17.7798828125, 0]]]}, "6-1PO-3": {"outline": [[[3.499999999999993, 14.159882812500008, 0], [3.499999999999993, 11.699882812500007, 0]], [[3.499999999999993, 11.699882812500007, 0], [-1.3799999999999955, 11.719882812499996, 0]], [[-1.3799999999999955, 11.719882812499996, 0], [-1.3799999999999955, 12.699882812500007, 0]], [[-1.3799999999999955, 12.699882812500007, 0], [-1.4399999999999977, 13.619882812499995, 0]], [[-1.4399999999999977, 13.619882812499995, 0], [-1.519999999999996, 13.619882812499995, 0]], [[-1.519999999999996, 13.619882812499995, 0], [-1.5599999999999952, 14.099882812499999, 0]], [[-1.5599999999999952, 14.099882812499999, 0], [3.460000000000001, 14.159882812500008, 0]]]}, "6-MR-1": {"outline": [[[3.440000000000005, 11.579882812499996, 0], [3.5600000000000023, 8.319882812499998, 0]], [[3.5600000000000023, 8.319882812499998, 0], [-1.2999999999999972, 8.199882812500007, 0]], [[-1.2999999999999972, 8.199882812500007, 0], [-1.460000000000008, 9.679882812499997, 0]], [[-1.460000000000008, 9.679882812499997, 0], [-1.3399999999999963, 9.679882812499997, 0]], [[-1.3399999999999963, 9.679882812499997, 0], [-1.500000000000007, 11.459882812499998, 0]], [[-1.500000000000007, 11.459882812499998, 0], [3.460000000000001, 11.539882812499997, 0]]]}, "6-KT-1": {"outline": [[[3.6799999999999926, 8.199882812500007, 0], [3.8800000000000026, 2.639882812499998, 0]], [[3.8800000000000026, 2.639882812499998, 0], [-1.3200000000000074, 2.639882812499998, 0]], [[-1.3200000000000074, 2.639882812499998, 0], [-1.2999999999999972, 3.619882812499995, 0]], [[-1.2999999999999972, 3.619882812499995, 0], [-1.1599999999999966, 3.639882812499998, 0]], [[-1.1599999999999966, 3.639882812499998, 0], [-1.2800000000000082, 4.639882812499998, 0]], [[-1.2800000000000082, 4.639882812499998, 0], [-1.3399999999999963, 8.159882812500008, 0]], [[-1.3399999999999963, 8.159882812500008, 0], [3.6799999999999926, 8.159882812500008, 0]]]}, "6-AT-1": {"outline": [[[2.520000000000003, -0.8801171875000051, 0], [2.5600000000000023, -3.7001171875000054, 0]], [[2.5600000000000023, -3.7001171875000054, 0], [0.14000000000000767, -3.7001171875000054, 0]], [[0.14000000000000767, -3.7001171875000054, 0], [0.0800000000000054, -0.8001171874999997, 0]], [[0.0800000000000054, -0.8001171874999997, 0], [2.520000000000003, -0.8201171875000028, 0]]]}, "6-BA-1": {"outline": [[[3.539999999999992, -3.7601171875000006, 0], [3.6400000000000077, -5.760117187500001, 0]], [[3.6400000000000077, -5.760117187500001, 0], [1.4400000000000048, -5.760117187500001, 0]], [[1.4400000000000048, -5.760117187500001, 0], [1.3999999999999986, -3.7401171875000045, 0]], [[1.3999999999999986, -3.7401171875000045, 0], [3.520000000000003, -3.7201171875000014, 0]]]}, "6-PT-1": {"outline": [[[-3.519999999999996, -3.6201171875, 0], [-3.3799999999999955, -6.3001171875, 0]], [[-3.3799999999999955, -6.3001171875, 0], [0.1799999999999926, -6.360117187500002, 0]], [[0.1799999999999926, -6.360117187500002, 0], [0.0800000000000054, -1.4401171875000003, 0]], [[0.0800000000000054, -1.4401171875000003, 0], [-3.5799999999999983, -1.4401171875000003, 0]], [[-3.5799999999999983, -1.4401171875000003, 0], [-3.3999999999999986, -2.660117187499999, 0]], [[-3.3999999999999986, -2.660117187499999, 0], [-3.539999999999999, -2.7401171875000045, 0]], [[-3.539999999999999, -2.7401171875000045, 0], [-3.500000000000007, -3.7601171875000006, 0]]]}, "0-EV-1": {"outline": [[[0.6600000000000037, 0.6998828125000003, 0], [-1.6599999999999966, 0.639882812499998, 0]], [[-1.6599999999999966, 0.639882812499998, 0], [-1.6199999999999974, -0.5401171875000017, 0]], [[-1.6199999999999974, -0.5401171875000017, 0], [0.7000000000000028, -0.5801171875000009, 0]], [[0.7000000000000028, -0.5801171875000009, 0], [0.6800000000000068, 0.6999999999999957, 0]]]}, "6-DW-1": {"outline": [[[-4.119999999999997, -4.620205078125004, 0], [-4.119999999999997, -5.940205078125004, 0]], [[-4.119999999999997, -5.940205078125004, 0], [-3.219999999999999, -5.940205078125004, 0]], [[-3.219999999999999, -5.940205078125004, 0], [-3.219999999999999, -4.620205078125004, 0]], [[-3.219999999999999, -4.620205078125004, 0], [-4.119999999999997, -4.620205078125004, 0]]]}, "6-DW-2": {"outline": [[[-4.179999999999993, -1.6402050781249997, 0], [-4.179999999999993, -2.740205078125001, 0]], [[-4.179999999999993, -2.740205078125001, 0], [-3.278402551840614, -2.740205078125001, 0]], [[-3.278402551840614, -2.740205078125001, 0], [-3.278402551840614, -1.6402050781249997, 0]], [[-3.278402551840614, -1.6402050781249997, 0], [-4.179999999999993, -1.6402050781249997, 0]]]},