{"rooms": {"3-1PO-1": {"outline": [[[-23.759999999999998, 42.78, 0], [-18.72, 42.519999999999996, 0]], [[-18.72, 42.519999999999996, 0], [-18.84, 39.18000000000001, 0]], [[-18.84, 39.18000000000001, 0], [-23.82, 39.379999999999995, 0]], [[-23.82, 39.379999999999995, 0], [-23.68, 42.78, 0]]]}, "3-BA-1": {"outline": [[[-30.96, 43.019999999999996, 0], [-26.34, 42.82000000000001, 0]], [[-26.34, 42.82000000000001, 0], [-26.46, 40.8, 0]], [[-26.46, 40.8, 0], [-31.06, 40.980000000000004, 0]], [[-31.06, 40.980000000000004, 0], [-30.9, 43.019999999999996, 0]]]}, "3-PT-1": {"outline": [[[-28.56, 35.68000000000001, 0], [-26.84, 35.68000000000001, 0]], [[-26.84, 35.68000000000001, 0], [-26.919999999999998, 33.5, 0]], [[-26.919999999999998, 33.5, 0], [-28.58, 33.46000000000001, 0]], [[-28.58, 33.46000000000001, 0], [-28.56, 35.64, 0]]]}, "3-CR-1": {"outline": [[[-26.099999999999998, 42.84, 0], [-26.72, 30.97999999999999, 0]], [[-26.72, 30.97999999999999, 0], [-24.52, 30.799999999999997, 0]], [[-24.52, 30.799999999999997, 0], [-23.919999999999998, 42.7, 0]], [[-23.919999999999998, 42.7, 0], [-26.099999999999998, 42.84, 0]]]}, "3-DW-1": {"outline": [[[-26.353867265053086, 34.56665619183478, 0], [-26.430228903806547, 33.40583754680523, 0]], [[-26.430228903806547, 33.40583754680523, 0], [-27.111598945420756, 33.45065982218645, 0]], [[-27.111598945420756, 33.45065982218645, 0], [-27.03523730666729, 34.611478467216, 0]], [[-27.03523730666729, 34.611478467216, 0], [-26.353867265053086, 34.56665619183478, 0]]]}, "3-DW-2": {"outline": [[[-24.133157622156123, 41.91265049046939, 0], [-24.224707790194014, 40.49150476723358, 0]], [[-24.224707790194014, 40.49150476723358, 0], [-23.56302041901019, 40.44887888515129, 0]], [[-23.56302041901019, 40.44887888515129, 0], [-23.471470250972303, 41.870024608387084, 0]], [[-23.471470250972303, 41.870024608387084, 0], [-24.133157622156123, 41.91265049046939, 0]]]}, "3-DW-3": {"outline": [[[-25.966484799614907, 41.60796488398758, 0], [-25.894262786959, 42.78759109070063, 0]], [[-25.894262786959, 42.78759109070063, 0], [-26.53637096243703, 42.826903836138044, 0]], [[-26.53637096243703, 42.826903836138044, 0], [-26.608592975092932, 41.647277629425005, 0]], [[-26.608592975092932, 41.647277629425005, 0], [-25.966484799614907, 41.60796488398758, 0]]]}, "3-DW-4": {"outline": [[[-28.006066962903372, 41.86868972588984, 0], [-27.948563027885307, 42.869285566066864, 0]], [[-27.948563027885307, 42.869285566066864, 0], [-28.449716504156957, 42.89808670212646, 0]], [[-28.449716504156957, 42.89808670212646, 0], [-28.507220439175022, 41.89749086194945, 0]], [[-28.507220439175022, 41.89749086194945, 0], [-28.006066962903372, 41.86868972588984, 0]]]}}}