{"rooms": {"4-1PO-1": {"outline": [[[-9.3, -0.9799999999999969, 0], [-9.2, -3.9399999999999977, 0]], [[-9.2, -3.9399999999999977, 0], [-4.199999999999999, -3.719999999999999, 0]], [[-4.199999999999999, -3.719999999999999, 0], [-4.300000000000001, -0.7999999999999972, 0]], [[-4.300000000000001, -0.7999999999999972, 0], [-9.3, -1, 0]]]}, "4-1PO-2": {"outline": [[[-9.36, 4.580000000000005, 0], [-9.239999999999998, 2.260000000000005, 0]], [[-9.239999999999998, 2.260000000000005, 0], [-4.32, 2.3800000000000026, 0]], [[-4.32, 2.3800000000000026, 0], [-4.5, 4.82, 0]], [[-4.5, 4.82, 0], [-9.34, 4.6200000000000045, 0]]]}, "4-PRO-1": {"outline": [[[-9.440000000000001, 8.64, 0], [-9.3, 4.640000000000001, 0]], [[-9.3, 4.640000000000001, 0], [-4.460000000000001, 4.840000000000003, 0]], [[-4.460000000000001, 4.840000000000003, 0], [-4.759999999999998, 8.660000000000004, 0]], [[-4.759999999999998, 8.660000000000004, 0], [-9.399999999999999, 8.660000000000004, 0]]]}, "4-2PO-1": {"outline": [[[3.1799999999999997, 12.14, 0], [-1.7199999999999989, 12.160000000000004, 0]], [[-1.7199999999999989, 12.160000000000004, 0], [-1.6600000000000001, 8.14, 0]], [[-1.6600000000000001, 8.14, 0], [3.1799999999999997, 8.32, 0]], [[3.1799999999999997, 8.32, 0], [3.1600000000000037, 12.14, 0]]]}, "4-KT-1": {"outline": [[[3.259999999999998, 7.32, 0], [3.200000000000003, 8.260000000000005, 0]], [[3.200000000000003, 8.260000000000005, 0], [-1.5199999999999996, 8.04, 0]], [[-1.5199999999999996, 8.04, 0], [-1.6400000000000006, 7.68, 0]], [[-1.6400000000000006, 7.68, 0], [-1.4399999999999977, 2.5800000000000054, 0]], [[-1.4399999999999977, 2.5800000000000054, 0], [3.4399999999999977, 2.700000000000003, 0]], [[3.4399999999999977, 2.700000000000003, 0], [3.280000000000001, 7.32, 0]]]}, "4-AT-1": {"outline": [[[-0.060000000000002274, -0.9600000000000009, 0], [0.020000000000003126, -3.8399999999999963, 0]], [[0.020000000000003126, -3.8399999999999963, 0], [2.3599999999999994, -3.780000000000001, 0]], [[2.3599999999999994, -3.780000000000001, 0], [2.280000000000001, -0.8799999999999955, 0]], [[2.280000000000001, -0.8799999999999955, 0], [-0.10000000000000142, -0.8999999999999986, 0]]]}, "4-BA-1": {"outline": [[[3.3200000000000003, -3.8599999999999994, 0], [3.3999999999999986, -5.759999999999998, 0]], [[3.3999999999999986, -5.759999999999998, 0], [1.3000000000000043, -5.839999999999996, 0]], [[1.3000000000000043, -5.839999999999996, 0], [1.259999999999998, -3.8200000000000003, 0]], [[1.259999999999998, -3.8200000000000003, 0], [3.3400000000000034, -3.8200000000000003, 0]]]}, "4-PT-1": {"outline": [[[-0.8399999999999963, -3.719999999999999, 0], [-0.6000000000000014, -6.259999999999998, 0]], [[-0.6000000000000014, -6.259999999999998, 0], [-3.759999999999998, -6.439999999999998, 0]], [[-3.759999999999998, -6.439999999999998, 0], [-3.84, -2.6999999999999957, 0]], [[-3.84, -2.6999999999999957, 0], [-3.6799999999999997, -2.6799999999999997, 0]], [[-3.6799999999999997, -2.6799999999999997, 0], [-3.7399999999999984, -1.8200000000000003, 0]], [[-3.7399999999999984, -1.8200000000000003, 0], [-3.8599999999999994, -1.7800000000000011, 0]], [[-3.8599999999999994, -1.7800000000000011, 0], [-3.84, -1.5599999999999952, 0]], [[-3.84, -1.5599999999999952, 0], [-0.11999999999999744, -1.519999999999996, 0]], [[-0.11999999999999744, -1.519999999999996, 0], [0.020000000000003126, -3.8399999999999963, 0]], [[0.020000000000003126, -3.8399999999999963, 0], [-0.8599999999999994, -3.739999999999995, 0]]]}, "0-EV-1": {"outline": [[[0.4200000000000017, 0.6600000000000037, 0], [0.4399999999999977, -0.5999999999999943, 0]], [[0.4399999999999977, -0.5999999999999943, 0], [-1.879999999999999, -0.5799999999999983, 0]], [[-1.879999999999999, -0.5799999999999983, 0], [-1.879999999999999, 0.5800000000000054, 0]], [[-1.879999999999999, 0.5800000000000054, 0], [0.38000000000000256, 0.6200000000000045, 0]]]}, "4-DW-1": {"outline": [[[-4.474550553838466, -2.8302274103893694, 0], [-4.532755976013114, -1.7082644818533126, 0]], [[-4.532755976013114, -1.7082644818533126, 0], [-3.593648615827778, -1.6595452782355622, 0]], [[-3.593648615827778, -1.6595452782355622, 0], [-3.5354431936531405, -2.781508206771619, 0]], [[-3.5354431936531405, -2.781508206771619, 0], [-4.474550553838466, -2.8302274103893694, 0]]]}, "4-DW-2": {"outline": [[[-4.645427777263119, 4.28831437215274, 0], [-4.583208777295038, 3.2098804643968677, 0]], [[-4.583208777295038, 3.2098804643968677, 0], [-3.7009404428616115, 3.2607819179557396, 0]], [[-3.7009404428616115, 3.2607819179557396, 0], [-3.7631594428296857, 4.339215825711612, 0]], [[-3.7631594428296857, 4.339215825711612, 0], [-4.645427777263119, 4.28831437215274, 0]]]}, "4-DW-3": {"outline": [[[-4.823911847571544, 7.351760331407199, 0], [-4.775755373668684, 6.171926720787077, 0]], [[-4.775755373668684, 6.171926720787077, 0], [-3.7962262432812572, 6.211907501619216, 0]], [[-3.7962262432812572, 6.211907501619216, 0], [-3.844382717184118, 7.3917411122393375, 0]], [[-3.844382717184118, 7.3917411122393375, 0], [-4.823911847571544, 7.351760331407199, 0]]]}, "4-DW-4": {"outline": [[[-2.379569926726699, 10.620855561801513, 0], [-2.3843671385748344, 9.500648467997436, 0]], [[-2.3843671385748344, 9.500648467997436, 0], [-1.4827779576043874, 9.496787472718054, 0]], [[-1.4827779576043874, 9.496787472718054, 0], [-1.477980745756252, 10.616994566522116, 0]], [[-1.477980745756252, 10.616994566522116, 0], [-2.379569926726699, 10.620855561801513, 0]]]}, "4-DW-5": {"outline": [[[-2.241714780396787, 4.656494286719337, 0], [-2.2218190285323125, 3.5166679143898776, 0]], [[-2.2218190285323125, 3.5166679143898776, 0], [-1.3219561030090539, 3.532375086914456, 0]], [[-1.3219561030090539, 3.532375086914456, 0], [-1.341851854873525, 4.672201459243929, 0]], [[-1.341851854873525, 4.672201459243929, 0], [-2.241714780396787, 4.656494286719337, 0]]]}, "4-DW-6": {"outline": [[[-2.082039492713797, 0.4758125429364384, 0], [-2.057873729977427, -0.6841440684091751, 0]], [[-2.057873729977427, -0.6841440684091751, 0], [-1.2974835997488547, -0.6683026073627616, 0]], [[-1.2974835997488547, -0.6683026073627616, 0], [-1.3216493624852284, 0.49165400398285897, 0]], [[-1.3216493624852284, 0.49165400398285897, 0], [-2.082039492713797, 0.4758125429364384, 0]]]}, "4-DW-7": {"outline": [[[-0.4021261573057089, -1.5043704201994643, 0], [-0.37777935822386155, -2.624323177964243, 0]], [[-0.37777935822386155, -2.624323177964243, 0], [0.2230761918693247, -2.6112611007882833, 0]], [[0.2230761918693247, -2.6112611007882833, 0], [0.19872939278748447, -1.491308343023519, 0]], [[0.19872939278748447, -1.491308343023519, 0], [-0.4021261573057089, -1.5043704201994643, 0]]]}, "4-DW-8": {"outline": [[[1.2131847545867487, -3.5435553427875846, 0], [2.3359926277078955, -3.504939747015719, 0]], [[2.3359926277078955, -3.504939747015719, 0], [2.353922788389575, -4.026286761798289, 0]], [[2.353922788389575, -4.026286761798289, 0], [1.2311149152684209, -4.064902357570162, 0]], [[1.2311149152684209, -4.064902357570162, 0], [1.2131847545867487, -3.5435553427875846, 0]]]}, "4-CR-1": {"outline": [[[-4.219999999999999, 11.520000000000003, 0], [-3.8599999999999994, -1.5999999999999943, 0]], [[-3.8599999999999994, -1.5999999999999943, 0], [-1.8000000000000007, -1.5599999999999952, 0]], [[-1.8000000000000007, -1.5599999999999952, 0], [-2.16, 11.5, 0]], [[-2.16, 11.5, 0], [-4.259999999999998, 11.520000000000003, 0]]]}}}