{"rooms": {"1-CR-1": {"outline": [[[-4.839999999999996, -4.740000000000002, 0], [4.68, -3.8800000000000026, 0]], [[4.68, -3.8800000000000026, 0], [5.399999999999999, -10.96, 0]], [[5.399999999999999, -10.96, 0], [3.5600000000000023, -11.14, 0]], [[3.5600000000000023, -11.14, 0], [3.3000000000000043, -8.86, 0]], [[3.3000000000000043, -8.86, 0], [-2.1999999999999957, -9.32, 0]], [[-2.1999999999999957, -9.32, 0], [-0.6999999999999957, -24.7, 0]], [[-0.6999999999999957, -24.7, 0], [-2.6799999999999997, -24.86, 0]], [[-2.6799999999999997, -24.86, 0], [-4.259999999999998, -6.859999999999999, 0]], [[-4.259999999999998, -6.859999999999999, 0], [-4.600000000000001, -6.899999999999999, 0]], [[-4.600000000000001, -6.899999999999999, 0], [-4.839999999999996, -4.799999999999997, 0]]]}, "1-BA-1": {"outline": [[[-2, -9.560000000000002, 0], [0.6600000000000037, -9.36, 0]], [[0.6600000000000037, -9.36, 0], [0.8400000000000034, -11.439999999999998, 0]], [[0.8400000000000034, -11.439999999999998, 0], [-1.7999999999999972, -11.560000000000002, 0]], [[-1.7999999999999972, -11.560000000000002, 0], [-1.9799999999999969, -9.560000000000002, 0]]]}, "1-PT-1": {"outline": [[[-1.5600000000000023, -13.86, 0], [2.740000000000002, -13.399999999999999, 0]], [[2.740000000000002, -13.399999999999999, 0], [3.039999999999999, -15.799999999999997, 0]], [[3.039999999999999, -15.799999999999997, 0], [-1.259999999999998, -16.259999999999998, 0]], [[-1.259999999999998, -16.259999999999998, 0], [-1.5399999999999991, -13.86, 0]]]}, "1-2PO-1": {"outline": [[[-8.560000000000002, -15.780000000000001, 0], [-3.5799999999999983, -15.439999999999998, 0]], [[-3.5799999999999983, -15.439999999999998, 0], [-3.240000000000002, -18.96, 0]], [[-3.240000000000002, -18.96, 0], [-8.36, -19.419999999999998, 0]], [[-8.36, -19.419999999999998, 0], [-8.54, -15.740000000000002, 0]]]}, "1-DW-1": {"outline": [[[-2.991221452952132, -17.800306331967313, 0], [-3.1125065191276633, -16.559318819045266, 0]], [[-3.1125065191276633, -16.559318819045266, 0], [-3.749471704488414, -16.621571149430203, 0]], [[-3.749471704488414, -16.621571149430203, 0], [-3.628186638312833, -17.862558662352242, 0]], [[-3.628186638312833, -17.862558662352242, 0], [-2.991221452952132, -17.800306331967313, 0]]]}, "1-DW-2": {"outline": [[[-1.7667198736080323, -16.263261562238412, 0], [-1.9126308890646442, -15.042386801581976, 0]], [[-1.9126308890646442, -15.042386801581976, 0], [-1.1492814235987225, -14.951156235398017, 0]], [[-1.1492814235987225, -14.951156235398017, 0], [-1.0033704081421106, -16.17203099605446, 0]], [[-1.0033704081421106, -16.17203099605446, 0], [-1.7667198736080323, -16.263261562238412, 0]]]}, "1-DW-3": {"outline": [[[-2.2077335943272374, -11.401709053682332, 0], [-2.3098198995422052, -10.482932306747607, 0]], [[-2.3098198995422052, -10.482932306747607, 0], [-1.670444056042932, -10.411890546358805, 0]], [[-1.670444056042932, -10.411890546358805, 0], [-1.568357750827964, -11.330667293293537, 0]], [[-1.568357750827964, -11.330667293293537, 0], [-2.2077335943272374, -11.401709053682332, 0]]]}}}
