{"rooms": {"7-RL-1": {"outline": [[[-9.400000000000002, -3.8599999999999994, 0], [-9.48, -9.219999999999999, 0]], [[-9.48, -9.219999999999999, 0], [-4.48, -9.439999999999998, 0]], [[-4.48, -9.439999999999998, 0], [-4.540000000000003, -3.9399999999999977, 0]], [[-4.540000000000003, -3.9399999999999977, 0], [-9.420000000000002, -3.8399999999999963, 0]]]}, "7-LR-1": {"outline": [[[-9.240000000000002, 2.4200000000000017, 0], [-9.380000000000003, -3.519999999999996, 0]], [[-9.380000000000003, -3.519999999999996, 0], [-4.460000000000001, -3.519999999999996, 0]], [[-4.460000000000001, -3.519999999999996, 0], [-4.32, 2.3600000000000065, 0]], [[-4.32, 2.3600000000000065, 0], [-9.260000000000002, 2.460000000000001, 0]]]}, "7-2PO-1": {"outline": [[[-9.280000000000001, 5.1200000000000045, 0], [-9.260000000000002, 2.5600000000000023, 0]], [[-9.260000000000002, 2.5600000000000023, 0], [-4.34, 2.460000000000001, 0]], [[-4.34, 2.460000000000001, 0], [-4.300000000000001, 4.8600000000000065, 0]], [[-4.300000000000001, 4.8600000000000065, 0], [-9.3, 5.160000000000004, 0]]]}, "7-PRO-1": {"outline": [[[-9.180000000000003, 8.700000000000003, 0], [-9.200000000000003, 5.200000000000003, 0]], [[-9.200000000000003, 5.200000000000003, 0], [-4.380000000000003, 5.000000000000007, 0]], [[-4.380000000000003, 5.000000000000007, 0], [-4.200000000000003, 8.700000000000003, 0]], [[-4.200000000000003, 8.700000000000003, 0], [-9.240000000000002, 8.700000000000003, 0]]]}, "7-1PO-1": {"outline": [[[-9.240000000000002, 11.360000000000007, 0], [-9.180000000000003, 9.040000000000006, 0]], [[-9.180000000000003, 9.040000000000006, 0], [-4.280000000000001, 9.020000000000003, 0]], [[-4.280000000000001, 9.020000000000003, 0], [-4.240000000000002, 11.340000000000003, 0]], [[-4.240000000000002, 11.340000000000003, 0], [-9.220000000000002, 11.360000000000007, 0]]]}, "7-1PO-2": {"outline": [[[-9.16, 14.020000000000003, 0], [-9.200000000000003, 11.520000000000003, 0]], [[-9.200000000000003, 11.520000000000003, 0], [-4.220000000000002, 11.540000000000006, 0]], [[-4.220000000000002, 11.540000000000006, 0], [-4.200000000000003, 14.100000000000001, 0]], [[-4.200000000000003, 14.100000000000001, 0], [-9.180000000000003, 14.000000000000007, 0]]]}, "7-PRO-2": {"outline": [[[-9.020000000000003, 17.700000000000003, 0], [-9.100000000000001, 14.120000000000005, 0]], [[-9.100000000000001, 14.120000000000005, 0], [-4.140000000000001, 14.260000000000005, 0]], [[-4.140000000000001, 14.260000000000005, 0], [-4.260000000000002, 17.740000000000002, 0]], [[-4.260000000000002, 17.740000000000002, 0], [-9.020000000000003, 17.740000000000002, 0]]]}, "7-RL-2": {"outline": [[[3.740000000000002, 11.400000000000006, 0], [3.6000000000000014, 5.100000000000001, 0]], [[3.6000000000000014, 5.100000000000001, 0], [-1.0799999999999983, 5.220000000000006, 0]], [[-1.0799999999999983, 5.220000000000006, 0], [-1.3200000000000003, 9.720000000000006, 0]], [[-1.3200000000000003, 9.720000000000006, 0], [-1.2000000000000028, 9.780000000000001, 0]], [[-1.2000000000000028, 9.780000000000001, 0], [-1.2199999999999989, 10.660000000000004, 0]], [[-1.2199999999999989, 10.660000000000004, 0], [-1.3000000000000043, 10.740000000000002, 0]], [[-1.3000000000000043, 10.740000000000002, 0], [-1.3000000000000043, 11.400000000000006, 0]], [[-1.3000000000000043, 11.400000000000006, 0], [3.759999999999998, 11.360000000000007, 0]]]}, "7-WS-1": {"outline": [[[3.6199999999999974, 5.000000000000007, 0], [3.5, 1.9600000000000009, 0]], [[3.5, 1.9600000000000009, 0], [-1.3999999999999986, 2.1000000000000014, 0]], [[-1.3999999999999986, 2.1000000000000014, 0], [-1.3800000000000026, 3.740000000000002, 0]], [[-1.3800000000000026, 3.740000000000002, 0], [-1.2000000000000028, 4.720000000000006, 0]], [[-1.2000000000000028, 4.720000000000006, 0], [-1.259999999999998, 5.100000000000001, 0]], [[-1.259999999999998, 5.100000000000001, 0], [3.6400000000000006, 5.000000000000007, 0]]]}, "7-AT-1": {"outline": [[[2.240000000000002, -0.9599999999999937, 0], [2.0799999999999983, -3.719999999999999, 0]], [[2.0799999999999983, -3.719999999999999, 0], [-0.28000000000000114, -3.739999999999995, 0]], [[-0.28000000000000114, -3.739999999999995, 0], [-0.21999999999999886, -0.9399999999999977, 0]], [[-0.21999999999999886, -0.9399999999999977, 0], [2.219999999999999, -0.8999999999999986, 0]]]}, "7-BA-1": {"outline": [[[3.1599999999999966, -3.8799999999999955, 0], [3.1000000000000014, -5.999999999999993, 0]], [[3.1000000000000014, -5.999999999999993, 0], [0.8599999999999994, -5.8799999999999955, 0]], [[0.8599999999999994, -5.8799999999999955, 0], [0.8999999999999986, -3.739999999999995, 0]], [[0.8999999999999986, -3.739999999999995, 0], [3.1799999999999997, -3.8599999999999994, 0]]]}, "7-PT-1": {"outline": [[[-1.1600000000000037, -2.9599999999999937, 0], [-1.240000000000002, -4.039999999999999, 0]], [[-1.240000000000002, -4.039999999999999, 0], [-0.8400000000000034, -3.979999999999997, 0]], [[-0.8400000000000034, -3.979999999999997, 0], [-0.8599999999999994, -6.159999999999997, 0]], [[-0.8599999999999994, -6.159999999999997, 0], [-4.080000000000002, -6.159999999999997, 0]], [[-4.080000000000002, -6.159999999999997, 0], [-4.100000000000001, -5.559999999999995, 0]], [[-4.100000000000001, -5.559999999999995, 0], [-4, -5.559999999999995, 0]], [[-4, -5.559999999999995, 0], [-3.900000000000002, -2.479999999999997, 0]], [[-3.900000000000002, -2.479999999999997, 0], [-3.84, -1.4799999999999969, 0]], [[-3.84, -1.4799999999999969, 0], [-4, -1.3799999999999955, 0]], [[-4, -1.3799999999999955, 0], [-0.30000000000000426, -1.499999999999993, 0]], [[-0.30000000000000426, -1.499999999999993, 0], [-0.259999999999998, -2.999999999999993, 0]], [[-0.259999999999998, -2.999999999999993, 0], [-1.2000000000000028, -2.9599999999999937, 0]]]}, "7-DW-1": {"outline": [[[-4.700000000000003, -4.480078124999999, 0], [-4.700000000000003, -5.640078124999995, 0]], [[-4.700000000000003, -5.640078124999995, 0], [-3.718622325850056, -5.640078124999995, 0]], [[-3.718622325850056, -5.640078124999995, 0], [-3.718622325850056, -4.480078124999999, 0]], [[-3.718622325850056, -4.480078124999999, 0], [-4.700000000000003, -4.480078124999999, 0]]]}, "7-DW-2": {"outline": [[[-4.595927833476772, -1.4123178165877803, 0], [-4.643764946815843, -2.632164206734082, 0]], [[-4.643764946815843, -2.632164206734082, 0], [-3.6614248228724158, -2.670687348849512, 0]], [[-3.6614248228724158, -2.670687348849512, 0], [-3.613587709533345, -1.4508409587032105, 0]], [[-3.613587709533345, -1.4508409587032105, 0], [-4.595927833476772, -1.4123178165877803, 0]]]}, "7-DW-3": {"outline": [[[-4.535567696474146, 1.5883344023932793, 0], [-4.584070639799105, 0.4485152342566536, 0]], [[-4.584070639799105, 0.4485152342566536, 0], [-3.68488438318429, 0.4102519892943235, 0]], [[-3.68488438318429, 0.4102519892943235, 0], [-3.636381439859335, 1.5500711574309491, 0]], [[-3.636381439859335, 1.5500711574309491, 0], [-4.535567696474146, 1.5883344023932793, 0]]]}, "7-DW-4": {"outline": [[[-4.517827567862351, 4.544153604303823, 0], [-4.54208192416047, 3.4041988582923963, 0]], [[-4.54208192416047, 3.4041988582923963, 0], [-3.6019244582375407, 3.3841955079536348, 0]], [[-3.6019244582375407, 3.3841955079536348, 0], [-3.5776701019394253, 4.52415025396504, 0]], [[-3.5776701019394253, 4.52415025396504, 0], [-4.517827567862351, 4.544153604303823, 0]]]}, "7-DW-5": {"outline": [[[-4.460000000000001, 7.579921875000004, 0], [-4.460000000000001, 6.399921875000004, 0]], [[-4.460000000000001, 6.399921875000004, 0], [-3.559600159872133, 6.399921875000004, 0]], [[-3.559600159872133, 6.399921875000004, 0], [-3.559600159872133, 7.579921875000004, 0]], [[-3.559600159872133, 7.579921875000004, 0], [-4.460000000000001, 7.579921875000004, 0]]]},