{"rooms": {"4-KT-1": {"outline": [[[-4.600000000000001, 6.779999999999994, 0], [0.30000000000000426, 6.18, 0]], [[0.30000000000000426, 6.18, 0], [-0.21999999999999886, 2.1000000000000014, 0]], [[-0.21999999999999886, 2.1000000000000014, 0], [-5.219999999999999, 2.759999999999998, 0]], [[-5.219999999999999, 2.759999999999998, 0], [-4.640000000000001, 6.779999999999994, 0]]]}, "4-CR-1": {"outline": [[[-1.6799999999999997, -10.420000000000002, 0], [1.1600000000000037, 12.419999999999995, 0]], [[1.1600000000000037, 12.419999999999995, 0], [3.280000000000001, 12.139999999999993, 0]], [[3.280000000000001, 12.139999999999993, 0], [0.5600000000000023, -10.740000000000002, 0]], [[0.5600000000000023, -10.740000000000002, 0], [-1.6599999999999966, -10.420000000000002, 0]]]}, "4-BA-1": {"outline": [[[-5, 1.9600000000000009, 0], [-0.5399999999999991, 1.3599999999999994, 0]], [[-0.5399999999999991, 1.3599999999999994, 0], [-0.759999999999998, -0.5600000000000023, 0]], [[-0.759999999999998, -0.5600000000000023, 0], [-5.359999999999999, -0.03999999999999915, 0]], [[-5.359999999999999, -0.03999999999999915, 0], [-5.039999999999999, 1.9600000000000009, 0]]]}, "4-PA-1": {"outline": [[[-3.1400000000000006, -5.640000000000001, 0], [-1.3999999999999986, -5.740000000000002, 0]], [[-1.3999999999999986, -5.740000000000002, 0], [-1.6599999999999966, -7.979999999999997, 0]], [[-1.6599999999999966, -7.979999999999997, 0], [-3.3200000000000003, -7.780000000000001, 0]], [[-3.3200000000000003, -7.780000000000001, 0], [-3.1400000000000006, -5.600000000000001, 0]]]}, "4-1PO-1": {"outline": [[[2.1200000000000045, 1.1000000000000014, 0], [7, 0.5799999999999983, 0]], [[7, 0.5799999999999983, 0], [6.660000000000004, -2.8599999999999994, 0]], [[6.660000000000004, -2.8599999999999994, 0], [1.7199999999999989, -2.299999999999997, 0]], [[1.7199999999999989, -2.299999999999997, 0], [2.1600000000000037, 1.1000000000000014, 0]]]}, "4-DW-1": {"outline": [[[-1.186602464533479, -7.978232315434006, 0], [-1.0165140651361853, -6.860508547966084, 0]], [[-1.0165140651361853, -6.860508547966084, 0], [-1.714420804658026, -6.754305348473615, 0]], [[-1.714420804658026, -6.754305348473615, 0], [-1.8845092040553197, -7.872029115941551, 0]], [[-1.8845092040553197, -7.872029115941551, 0], [-1.186602464533479, -7.978232315434006, 0]]]}, "4-DW-2": {"outline": [[[1.4411427012525522, -1.1072448932984358, 0], [1.5809432479724634, 0.18813841247004603, 0]], [[1.5809432479724634, 0.18813841247004603, 0], [2.237132927900774, 0.11732101379164561, 0]], [[2.237132927900774, 0.11732101379164561, 0], [2.0973323811808697, -1.1780622919768362, 0]], [[2.0973323811808697, -1.1780622919768362, 0], [1.4411427012525522, -1.1072448932984358, 0]]]}, "4-DW-3": {"outline": [[[-0.20355526505777277, 0.18619661238527385, 0], [-0.05822888770618562, 1.3245865683060316, 0]], [[-0.05822888770618562, 1.3245865683060316, 0], [-0.755227279754159, 1.4135650864398244, 0]], [[-0.755227279754159, 1.4135650864398244, 0], [-0.9005536571057533, 0.2751751305190666, 0]], [[-0.9005536571057533, 0.2751751305190666, 0], [-0.20355526505777277, 0.18619661238527385, 0]]]}, "4-DW-4": {"outline": [[[-2.205869737487639, 0.5428120252604103, 0], [-2.056909901464209, 1.5607042380872471, 0]], [[-2.056909901464209, 1.5607042380872471, 0], [-2.6122401297369535, 1.6419720763710117, 0]], [[-2.6122401297369535, 1.6419720763710117, 0], [-2.761199965760376, 0.624079863544182, 0]], [[-2.761199965760376, 0.624079863544182, 0], [-2.205869737487639, 0.5428120252604103, 0]]]}, "4-DW-6": {"outline": [[[-0.28114701549719, 3.839211122598215, 0], [-0.11143232928902336, 5.05994288234632, 0]], [[-0.11143232928902336, 5.05994288234632, 0], [0.5257497535447726, 4.971357362733123, 0]], [[0.5257497535447726, 4.971357362733123, 0], [0.35603506733660595, 3.7506256029850036, 0]], [[0.35603506733660595, 3.7506256029850036, 0], [-0.28114701549719, 3.839211122598215, 0]]]}}}