{"rooms": {"2-PT-1": {"outline": [[[-21.46, 16.519999999999996, 0], [-13.36, 15.900000000000006, 0]], [[-13.36, 15.900000000000006, 0], [-13.579999999999998, 13.060000000000002, 0]], [[-13.579999999999998, 13.060000000000002, 0], [-21.72, 13.600000000000001, 0]], [[-21.72, 13.600000000000001, 0], [-21.46, 16.5, 0]]]}, "2-LO-1": {"outline": [[[-19.06, 13.32, 0], [-13.600000000000001, 13.020000000000003, 0]], [[-13.600000000000001, 13.020000000000003, 0], [-14.060000000000002, 5.600000000000001, 0]], [[-14.060000000000002, 5.600000000000001, 0], [-19.54, 5.980000000000004, 0]], [[-19.54, 5.980000000000004, 0], [-19.06, 13.259999999999998, 0]]]}, "2-2PO-1": {"outline": [[[-19.58, 5.939999999999998, 0], [-14.019999999999996, 5.480000000000004, 0]], [[-14.019999999999996, 5.480000000000004, 0], [-14.240000000000002, 2.6400000000000006, 0]], [[-14.240000000000002, 2.6400000000000006, 0], [-19.68, 3.1000000000000014, 0]], [[-19.68, 3.1000000000000014, 0], [-19.52, 5.920000000000002, 0]]]}, "2-KT-1": {"outline": [[[-19.74, 3.020000000000003, 0], [-14.259999999999998, 2.5600000000000023, 0]], [[-14.259999999999998, 2.5600000000000023, 0], [-14.519999999999996, -0.3999999999999986, 0]], [[-14.519999999999996, -0.3999999999999986, 0], [-19.919999999999998, 0.03999999999999915, 0]], [[-19.919999999999998, 0.03999999999999915, 0], [-19.66, 3.020000000000003, 0]]]}, "2-1PO-1": {"outline": [[[-28.06, 1.8800000000000026, 0], [-22.62, 1.5, 0]], [[-22.62, 1.5, 0], [-22.9, -2.8800000000000026, 0]], [[-22.9, -2.8800000000000026, 0], [-28.4, -2.4200000000000017, 0]], [[-28.4, -2.4200000000000017, 0], [-28.08, 1.8800000000000026, 0]]]}, "2-BA-1": {"outline": [[[-19.86, -0.3399999999999963, 0], [-14.439999999999998, -0.759999999999998, 0]], [[-14.439999999999998, -0.759999999999998, 0], [-14.560000000000002, -3.479999999999997, 0]], [[-14.560000000000002, -3.479999999999997, 0], [-20.08, -3, 0]], [[-20.08, -3, 0], [-19.86, -0.35999999999999943, 0]]]}, "2-ST-1": {"outline": [[[-20.12, -3.280000000000001, 0], [-17.28, -3.539999999999999, 0]], [[-17.28, -3.539999999999999, 0], [-17.5, -6.240000000000002, 0]], [[-17.5, -6.240000000000002, 0], [-20.32, -5.979999999999997, 0]], [[-20.32, -5.979999999999997, 0], [-20.12, -3.280000000000001, 0]]]}, "2-CR-1": {"outline": [[[-21.78, 13.600000000000001, 0], [-22.86, -2.9399999999999977, 0]], [[-22.86, -2.9399999999999977, 0], [-23.4, -10.36, 0]], [[-23.4, -10.36, 0], [-20.4, -10.420000000000002, 0]], [[-20.4, -10.420000000000002, 0], [-20.58, -5.600000000000001, 0]], [[-20.58, -5.600000000000001, 0], [-20.12, 0.060000000000002274, 0]], [[-20.12, 0.060000000000002274, 0], [-19.919999999999998, 0, 0]], [[-19.919999999999998, 0, 0], [-19.04, 13.380000000000003, 0]], [[-19.04, 13.380000000000003, 0], [-21.8, 13.579999999999998, 0]]]}, "2-2PO-2": {"outline": [[[-27.919999999999998, 4.300000000000004, 0], [-28.099999999999998, 1.8800000000000026, 0]], [[-28.099999999999998, 1.8800000000000026, 0], [-22.62, 1.5, 0]], [[-22.62, 1.5, 0], [-22.32, 5.960000000000001, 0]], [[-22.32, 5.960000000000001, 0], [-25.3, 6.160000000000004, 0]], [[-25.3, 6.160000000000004, 0], [-25.46, 4.18, 0]], [[-25.46, 4.18, 0], [-27.919999999999998, 4.300000000000004, 0]]]}, "2-DW-1": {"outline": [[[-20.68743008215352, -4.678057536912156, 0], [-20.810012019762382, -5.7567785878700946, 0]], [[-20.810012019762382, -5.7567785878700946, 0], [-20.13365163141686, -5.83363772290938, 0]], [[-20.13365163141686, -5.83363772290938, 0], [-20.011069693807993, -4.754916671951435, 0]], [[-20.011069693807993, -4.754916671951435, 0], [-20.68743008215352, -4.678057536912156, 0]]]}, "2-DW-2": {"outline": [[[-19.943837835414538, -2.8327049992088504, 0], [-18.846410937234655, -2.9199379247416886, 0]], [[-18.846410937234655, -2.9199379247416886, 0], [-18.903660101201833, -3.640156489602802, 0]], [[-18.903660101201833, -3.640156489602802, 0], [-20.00108699938172, -3.552923564069985, 0]], [[-20.00108699938172, -3.552923564069985, 0], [-19.943837835414538, -2.8327049992088504, 0]]]}, "2-DW-3": {"outline": [[[-18.372734349722567, -1.9466268531043553, 0], [-18.44633912735005, -3.0261635916406604, 0]], [[-18.44633912735005, -3.0261635916406604, 0], [-17.88639398864398, -3.0643416692797203, 0]], [[-17.88639398864398, -3.0643416692797203, 0], [-17.812789211016508, -1.9848049307434081, 0]], [[-17.812789211016508, -1.9848049307434081, 0], [-18.372734349722567, -1.9466268531043553, 0]]]}, "2-DW-4": {"outline": [[[-20.133110543988167, 1.65273117492778, 0], [-20.212504112139296, 0.4282678280761161, 0]], [[-20.212504112139296, 0.4282678280761161, 0], [-19.590204066339844, 0.3879182159593526, 0]], [[-19.590204066339844, 0.3879182159593526, 0], [-19.510810498188704, 1.6123815628110094, 0]], [[-19.510810498188704, 1.6123815628110094, 0], [-20.133110543988167, 1.65273117492778, 0]]]}, "2-DW-5": {"outline": [[[-19.91332759100512, 4.592358544651269, 0], [-19.990224971087226, 3.3698844597943776, 0]], [[-19.990224971087226, 3.3698844597943776, 0], [-19.390412954310776, 3.332154439008491, 0]], [[-19.390412954310776, 3.332154439008491, 0], [-19.31351557422867, 4.5546285238653965, 0]], [[-19.31351557422867, 4.5546285238653965, 0], [-19.91332759100512, 4.592358544651269, 0]]]}, "2-DW-6": {"outline": [[[-19.471388533478933, 11.475630572310187, 0], [-19.567337577935515, 10.276267516602964, 0]], [[-19.567337577935515, 10.276267516602964, 0], [-18.96530024425293, 10.228104529908364, 0]], [[-18.96530024425293, 10.228104529908364, 0], [-18.86935119979636, 11.427467585615588, 0]], [[-18.86935119979636, 11.427467585615588, 0], [-19.471388533478933, 11.475630572310187, 0]]]}, "2-DW-7": {"outline": [[[-18.05411438161188, 13.007703593613044, 0], [-16.776685391706934, 12.915663545232654, 0]], [[-16.776685391706934, 12.915663545232654, 0], [-16.730632191305943, 13.554838494674122, 0]], [[-16.730632191305943, 13.554838494674122, 0], [-18.00806118121088, 13.646878543054513, 0]], [[-18.00806118121088, 13.646878543054513, 0], [-18.05411438161188, 13.007703593613044, 0]]]}, "2-DW-8": {"outline": [[[-21.021134425293447, 13.928367955867266, 0], [-19.741986290482256, 13.809928313755115, 0]], [[-19.741986290482256, 13.809928313755115, 0], [-19.804746845742017, 13.132114316949668, 0]], [[-19.804746845742017, 13.132114316949668, 0], [-21.083894980553204, 13.250553959061818, 0]], [[-21.083894980553204, 13.250553959061818, 0], [-21.021134425293447, 13.928367955867266, 0]]]}, "2-DW-9": {"outline": [[[-22.246931892541394, 2.067196161934298, 0], [-22.173916065072277, 3.1867721831274594, 0]], [[-22.173916065072277, 3.1867721831274594, 0], [-22.776596512760435, 3.2260774297158363, 0]], [[-22.776596512760435, 3.2260774297158363, 0], [-22.84961234022955, 2.1065014085226608, 0]], [[-22.84961234022955, 2.1065014085226608, 0], [-22.246931892541394, 2.067196161934298, 0]]]}, "2-DW-10": {"outline": [[[-24.887760308412226, 1.4240721665232172, 0], [-23.667913918265917, 1.3762350531841463, 0]], [[-23.667913918265917, 1.3762350531841463, 0], [-23.6435833169715, 1.9966653861915376, 0]], [[-23.6435833169715, 1.9966653861915376, 0], [-24.86342970711781, 2.0445024995306014, 0]], [[-24.86342970711781, 2.0445024995306014, 0], [-24.887760308412226, 1.4240721665232172, 0]]]}, "2-DW-11": {"outline": [[[-22.546627312918936, -2.472280915079338, 0], [-22.4741516556879, -1.3126703993827604, 0]], [[-22.4741516556879, -1.3126703993827604, 0], [-23.072983202777635, -1.2752434276896452, 0]], [[-23.072983202777635, -1.2752434276896452, 0], [-23.14545886000867, -2.434853943386244, 0]], [[-23.14545886000867, -2.434853943386244, 0], [-22.546627312918936, -2.472280915079338, 0]]]},